{
    "server": {
        "host": "0.0.0.0",
        "port": 8000
    },
    "database": {
        "url": "sqlite:///./alphabase.db"
    },
    "security": {
        "secret_key": "alphabase-secret-key-change-in-production",
        "algorithm": "HS256",
        "access_token_expire_minutes": 30
    },
    "mqtt": {
        "enabled": false,
        "broker_host": "localhost",
        "broker_port": 1883,
        "topics": [
            "alphabase/sensors/#",
            "alphabase/status/#",
            "alphabase/commands/#"
        ]
    },
    "storage": {
        "directory": "alphabase_storage"
    }
}